{
  "project_info": {
    "project_number": "167392280114",
    "firebase_url": "https://drivertrackingproject-default-rtdb.firebaseio.com",
    "project_id": "drivertrackingproject",
    "storage_bucket": "drivertrackingproject.firebasestorage.app"
  },
  "client": [
    {
      "client_info": {
        "mobilesdk_app_id": "1:167392280114:android:c051ddffb724327894462b",
        "android_client_info": {
          "package_name": "com.example.driverdrowsinessalert"
        }
      },
      "oauth_client": [],
      "api_key": [
        {
          "current_key": "AIzaSyAXRTw3s1GyJGx0_pqVepiO1jD7m5vu6tA"
        }
      ],
      "services": {
        "appinvite_service": {
          "other_platform_oauth_client": []
        }
      }
    }
  ],
  "configuration_version": "1"
}